imei,grade,type,region,a1,a2,a3,a4,a5,a6,a7,a8,a9,a10,x1,y1,x2,y2,x3,y3,x4,y4,x5,y5,x6,y6,x7,y7,x8,y8,x9,y9,x10,y10
351884709898813,A,Scratch,T1,524,0.0,0.0,0.0,0.0,0.0,0.0,0.0,0.0,0.0,2020.953,696.274,0.0,0.0,0.0,0.0,0.0,0.0,0.0,0.0,0.0,0.0,0.0,0.0,0.0,0.0,0.0,0.0,0.0,0.0
351884709898813,A,Scratch,T2,564,0.0,0.0,0.0,0.0,0.0,0.0,0.0,0.0,0.0,2050.983,1474.01,0.0,0.0,0.0,0.0,0.0,0.0,0.0,0.0,0.0,0.0,0.0,0.0,0.0,0.0,0.0,0.0,0.0,0.0
351884709898813,A,Scratch,T3,0,0.0,0.0,0.0,0.0,0.0,0.0,0.0,0.0,0.0,0.0,0.0,0.0,0.0,0.0,0.0,0.0,0.0,0.0,0.0,0.0,0.0,0.0,0.0,0.0,0.0,0.0,0.0,0.0,0.0
351884709898813,A,Scratch,B1,0,0.0,0.0,0.0,0.0,0.0,0.0,0.0,0.0,0.0,0.0,0.0,0.0,0.0,0.0,0.0,0.0,0.0,0.0,0.0,0.0,0.0,0.0,0.0,0.0,0.0,0.0,0.0,0.0,0.0
351884709898813,A,Scratch,B2,1044,0.0,0.0,0.0,0.0,0.0,0.0,0.0,0.0,0.0,2098.546,1478.66,0.0,0.0,0.0,0.0,0.0,0.0,0.0,0.0,0.0,0.0,0.0,0.0,0.0,0.0,0.0,0.0,0.0,0.0
351884709898813,A,Scratch,B3,0,0.0,0.0,0.0,0.0,0.0,0.0,0.0,0.0,0.0,0.0,0.0,0.0,0.0,0.0,0.0,0.0,0.0,0.0,0.0,0.0,0.0,0.0,0.0,0.0,0.0,0.0,0.0,0.0,0.0
351884709898813,A,Shape,B4,98,,,,,,,,,,,,,,,,,,,,,,,,,,,,,
351884709898813,A,Shape,B5,84,,,,,,,,,,,,,,,,,,,,,,,,,,,,,
351884709898813,A,Shape,B6,94,,,,,,,,,,,,,,,,,,,,,,,,,,,,,
351884709898813,A,Shape,B7,86,,,,,,,,,,,,,,,,,,,,,,,,,,,,,
351884709898813,A,Shape,B8,97,,,,,,,,,,,,,,,,,,,,,,,,,,,,,
351884709898813,A,Scratch,B9,0,0.0,0.0,0.0,0.0,0.0,0.0,0.0,0.0,0.0,0.0,0.0,0.0,0.0,0.0,0.0,0.0,0.0,0.0,0.0,0.0,0.0,0.0,0.0,0.0,0.0,0.0,0.0,0.0,0.0
355980287734416,A,Scratch,T1,0,0.0,0.0,0.0,0.0,0.0,0.0,0.0,0.0,0.0,0.0,0.0,0.0,0.0,0.0,0.0,0.0,0.0,0.0,0.0,0.0,0.0,0.0,0.0,0.0,0.0,0.0,0.0,0.0,0.0
355980287734416,A,Scratch,T2,0,0.0,0.0,0.0,0.0,0.0,0.0,0.0,0.0,0.0,0.0,0.0,0.0,0.0,0.0,0.0,0.0,0.0,0.0,0.0,0.0,0.0,0.0,0.0,0.0,0.0,0.0,0.0,0.0,0.0
355980287734416,A,Scratch,T3,0,0.0,0.0,0.0,0.0,0.0,0.0,0.0,0.0,0.0,0.0,0.0,0.0,0.0,0.0,0.0,0.0,0.0,0.0,0.0,0.0,0.0,0.0,0.0,0.0,0.0,0.0,0.0,0.0,0.0
355980287734416,A,Scratch,B1,0,0.0,0.0,0.0,0.0,0.0,0.0,0.0,0.0,0.0,0.0,0.0,0.0,0.0,0.0,0.0,0.0,0.0,0.0,0.0,0.0,0.0,0.0,0.0,0.0,0.0,0.0,0.0,0.0,0.0
355980287734416,A,Scratch,B2,0,0.0,0.0,0.0,0.0,0.0,0.0,0.0,0.0,0.0,0.0,0.0,0.0,0.0,0.0,0.0,0.0,0.0,0.0,0.0,0.0,0.0,0.0,0.0,0.0,0.0,0.0,0.0,0.0,0.0
355980287734416,A,Scratch,B3,0,0.0,0.0,0.0,0.0,0.0,0.0,0.0,0.0,0.0,0.0,0.0,0.0,0.0,0.0,0.0,0.0,0.0,0.0,0.0,0.0,0.0,0.0,0.0,0.0,0.0,0.0,0.0,0.0,0.0
355980287734416,A,Shape,B4,95,,,,,,,,,,,,,,,,,,,,,,,,,,,,,
355980287734416,A,Shape,B5,85,,,,,,,,,,,,,,,,,,,,,,,,,,,,,
355980287734416,A,Shape,B6,72,,,,,,,,,,,,,,,,,,,,,,,,,,,,,
355980287734416,A,Shape,B7,76,,,,,,,,,,,,,,,,,,,,,,,,,,,,,
355980287734416,A,Shape,B8,92,,,,,,,,,,,,,,,,,,,,,,,,,,,,,
355980287734416,A,Scratch,B9,0,0.0,0.0,0.0,0.0,0.0,0.0,0.0,0.0,0.0,0.0,0.0,0.0,0.0,0.0,0.0,0.0,0.0,0.0,0.0,0.0,0.0,0.0,0.0,0.0,0.0,0.0,0.0,0.0,0.0
357624696101233 - 2,A,Scratch,T1,0,0.0,0.0,0.0,0.0,0.0,0.0,0.0,0.0,0.0,0.0,0.0,0.0,0.0,0.0,0.0,0.0,0.0,0.0,0.0,0.0,0.0,0.0,0.0,0.0,0.0,0.0,0.0,0.0,0.0
357624696101233 - 2,A,Scratch,T2,0,0.0,0.0,0.0,0.0,0.0,0.0,0.0,0.0,0.0,0.0,0.0,0.0,0.0,0.0,0.0,0.0,0.0,0.0,0.0,0.0,0.0,0.0,0.0,0.0,0.0,0.0,0.0,0.0,0.0
357624696101233 - 2,A,Scratch,T3,0,0.0,0.0,0.0,0.0,0.0,0.0,0.0,0.0,0.0,0.0,0.0,0.0,0.0,0.0,0.0,0.0,0.0,0.0,0.0,0.0,0.0,0.0,0.0,0.0,0.0,0.0,0.0,0.0,0.0
357624696101233 - 2,A,Scratch,B1,0,0.0,0.0,0.0,0.0,0.0,0.0,0.0,0.0,0.0,0.0,0.0,0.0,0.0,0.0,0.0,0.0,0.0,0.0,0.0,0.0,0.0,0.0,0.0,0.0,0.0,0.0,0.0,0.0,0.0
357624696101233 - 2,A,Scratch,B2,0,0.0,0.0,0.0,0.0,0.0,0.0,0.0,0.0,0.0,0.0,0.0,0.0,0.0,0.0,0.0,0.0,0.0,0.0,0.0,0.0,0.0,0.0,0.0,0.0,0.0,0.0,0.0,0.0,0.0
357624696101233 - 2,A,Scratch,B3,0,0.0,0.0,0.0,0.0,0.0,0.0,0.0,0.0,0.0,0.0,0.0,0.0,0.0,0.0,0.0,0.0,0.0,0.0,0.0,0.0,0.0,0.0,0.0,0.0,0.0,0.0,0.0,0.0,0.0
357624696101233 - 2,A,Shape,B4,91,,,,,,,,,,,,,,,,,,,,,,,,,,,,,
357624696101233 - 2,A,Shape,B5,43,,,,,,,,,,,,,,,,,,,,,,,,,,,,,
357624696101233 - 2,A,Shape,B6,67,,,,,,,,,,,,,,,,,,,,,,,,,,,,,
357624696101233 - 2,A,Shape,B7,55,,,,,,,,,,,,,,,,,,,,,,,,,,,,,
357624696101233 - 2,A,Shape,B8,88,,,,,,,,,,,,,,,,,,,,,,,,,,,,,
357624696101233 - 2,A,Scratch,B9,0,0.0,0.0,0.0,0.0,0.0,0.0,0.0,0.0,0.0,0.0,0.0,0.0,0.0,0.0,0.0,0.0,0.0,0.0,0.0,0.0,0.0,0.0,0.0,0.0,0.0,0.0,0.0,0.0,0.0
357624698357403,A,Scratch,T1,1012,0.0,0.0,0.0,0.0,0.0,0.0,0.0,0.0,0.0,1829.508,1106.392,0.0,0.0,0.0,0.0,0.0,0.0,0.0,0.0,0.0,0.0,0.0,0.0,0.0,0.0,0.0,0.0,0.0,0.0
357624698357403,A,Scratch,T2,724,716.0,672.0,604.0,556.0,552.0,524.0,444.0,420.0,0.0,2359.751,1544.778,2370.888,1265.911,2189.887,1361.374,2373.976,1213.104,2337.646,1450.949,2326.894,1516.965,2071.35,1250.845,2259.196,1213.281,2370.871,1198.968,0.0,0.0
357624698357403,A,Scratch,T3,2292,884.0,548.0,460.0,0.0,0.0,0.0,0.0,0.0,0.0,2363.33,2217.029,2391.75,2036.707,2379.263,2348.617,1924.262,2532.423,0.0,0.0,0.0,0.0,0.0,0.0,0.0,0.0,0.0,0.0,0.0,0.0
357624698357403,A,Scratch,B1,0,0.0,0.0,0.0,0.0,0.0,0.0,0.0,0.0,0.0,0.0,0.0,0.0,0.0,0.0,0.0,0.0,0.0,0.0,0.0,0.0,0.0,0.0,0.0,0.0,0.0,0.0,0.0,0.0,0.0
357624698357403,A,Scratch,B2,0,0.0,0.0,0.0,0.0,0.0,0.0,0.0,0.0,0.0,0.0,0.0,0.0,0.0,0.0,0.0,0.0,0.0,0.0,0.0,0.0,0.0,0.0,0.0,0.0,0.0,0.0,0.0,0.0,0.0
357624698357403,A,Scratch,B3,0,0.0,0.0,0.0,0.0,0.0,0.0,0.0,0.0,0.0,0.0,0.0,0.0,0.0,0.0,0.0,0.0,0.0,0.0,0.0,0.0,0.0,0.0,0.0,0.0,0.0,0.0,0.0,0.0,0.0
357624698357403,A,Shape,B4,98,,,,,,,,,,,,,,,,,,,,,,,,,,,,,
357624698357403,A,Shape,B5,82,,,,,,,,,,,,,,,,,,,,,,,,,,,,,
357624698357403,A,Shape,B6,90,,,,,,,,,,,,,,,,,,,,,,,,,,,,,
357624698357403,A,Shape,B7,49,,,,,,,,,,,,,,,,,,,,,,,,,,,,,
357624698357403,A,Shape,B8,96,,,,,,,,,,,,,,,,,,,,,,,,,,,,,
357624698357403,A,Scratch,B9,0,0.0,0.0,0.0,0.0,0.0,0.0,0.0,0.0,0.0,0.0,0.0,0.0,0.0,0.0,0.0,0.0,0.0,0.0,0.0,0.0,0.0,0.0,0.0,0.0,0.0,0.0,0.0,0.0,0.0
358900783354714 - 0,A,Scratch,T1,1432,1260.0,1256.0,1244.0,1200.0,1160.0,832.0,672.0,672.0,596.0,1785.63,748.98,1775.641,882.982,1775.794,702.359,1778.752,808.982,1821.481,1018.145,1806.849,455.709,1770.069,589.741,1807.06,1150.269,1807.684,778.149,1824.403,1035.973
358900783354714 - 0,A,Scratch,T2,1276,772.0,632.0,608.0,572.0,412.0,0.0,0.0,0.0,0.0,1795.398,1155.866,1828.15,1654.049,1832.121,1640.613,1835.825,1489.637,1793.537,1461.079,1938.895,1721.017,0.0,0.0,0.0,0.0,0.0,0.0,0.0,0.0
358900783354714 - 0,A,Scratch,T3,0,0.0,0.0,0.0,0.0,0.0,0.0,0.0,0.0,0.0,0.0,0.0,0.0,0.0,0.0,0.0,0.0,0.0,0.0,0.0,0.0,0.0,0.0,0.0,0.0,0.0,0.0,0.0,0.0,0.0
358900783354714 - 0,A,Scratch,B1,780,564.0,468.0,0.0,0.0,0.0,0.0,0.0,0.0,0.0,2088.457,753.84,2101.325,738.803,2146.493,581.992,0.0,0.0,0.0,0.0,0.0,0.0,0.0,0.0,0.0,0.0,0.0,0.0,0.0,0.0
358900783354714 - 0,A,Scratch,B2,1004,876.0,0.0,0.0,0.0,0.0,0.0,0.0,0.0,0.0,1906.686,1390.261,1911.561,1376.891,0.0,0.0,0.0,0.0,0.0,0.0,0.0,0.0,0.0,0.0,0.0,0.0,0.0,0.0,0.0,0.0
358900783354714 - 0,A,Scratch,B3,720,0.0,0.0,0.0,0.0,0.0,0.0,0.0,0.0,0.0,2229.531,2244.712,0.0,0.0,0.0,0.0,0.0,0.0,0.0,0.0,0.0,0.0,0.0,0.0,0.0,0.0,0.0,0.0,0.0,0.0
358900783354714 - 0,A,Shape,B4,96,,,,,,,,,,,,,,,,,,,,,,,,,,,,,
358900783354714 - 0,A,Shape,B5,84,,,,,,,,,,,,,,,,,,,,,,,,,,,,,
358900783354714 - 0,A,Shape,B6,93,,,,,,,,,,,,,,,,,,,,,,,,,,,,,
358900783354714 - 0,A,Shape,B7,70,,,,,,,,,,,,,,,,,,,,,,,,,,,,,
358900783354714 - 0,A,Shape,B8,96,,,,,,,,,,,,,,,,,,,,,,,,,,,,,
358900783354714 - 0,A,Scratch,B9,0,0.0,0.0,0.0,0.0,0.0,0.0,0.0,0.0,0.0,0.0,0.0,0.0,0.0,0.0,0.0,0.0,0.0,0.0,0.0,0.0,0.0,0.0,0.0,0.0,0.0,0.0,0.0,0.0,0.0
358900786611680 - 0,A,Scratch,T1,3136,1468.0,1312.0,1180.0,1008.0,812.0,812.0,792.0,708.0,684.0,2181.94,901.152,2364.191,885.45,2267.28,889.979,2235.062,930.158,2155.359,944.293,2256.26,865.748,2036.478,920.451,2395.261,938.732,2200.895,840.984,2099.43,937.556
358900786611680 - 0,A,Scratch,T2,2048,1848.0,1688.0,1200.0,828.0,800.0,784.0,780.0,724.0,612.0,2169.655,1374.846,2009.09,1585.315,2101.94,1598.128,1897.439,1573.522,2183.485,1547.602,1864.676,1636.589,1787.288,1238.503,1821.597,1303.088,1831.394,1269.044,2015.523,1556.145
358900786611680 - 0,A,Scratch,T3,880,628.0,428.0,0.0,0.0,0.0,0.0,0.0,0.0,0.0,1735.118,1975.658,2072.257,2640.511,1825.336,1952.626,0.0,0.0,0.0,0.0,0.0,0.0,0.0,0.0,0.0,0.0,0.0,0.0,0.0,0.0
358900786611680 - 0,A,Scratch,B1,0,0.0,0.0,0.0,0.0,0.0,0.0,0.0,0.0,0.0,0.0,0.0,0.0,0.0,0.0,0.0,0.0,0.0,0.0,0.0,0.0,0.0,0.0,0.0,0.0,0.0,0.0,0.0,0.0,0.0
358900786611680 - 0,A,Scratch,B2,0,0.0,0.0,0.0,0.0,0.0,0.0,0.0,0.0,0.0,0.0,0.0,0.0,0.0,0.0,0.0,0.0,0.0,0.0,0.0,0.0,0.0,0.0,0.0,0.0,0.0,0.0,0.0,0.0,0.0
358900786611680 - 0,A,Scratch,B3,0,0.0,0.0,0.0,0.0,0.0,0.0,0.0,0.0,0.0,0.0,0.0,0.0,0.0,0.0,0.0,0.0,0.0,0.0,0.0,0.0,0.0,0.0,0.0,0.0,0.0,0.0,0.0,0.0,0.0
358900786611680 - 0,A,Shape,B4,98,,,,,,,,,,,,,,,,,,,,,,,,,,,,,
358900786611680 - 0,A,Shape,B5,83,,,,,,,,,,,,,,,,,,,,,,,,,,,,,
358900786611680 - 0,A,Shape,B6,77,,,,,,,,,,,,,,,,,,,,,,,,,,,,,
358900786611680 - 0,A,Shape,B7,71,,,,,,,,,,,,,,,,,,,,,,,,,,,,,
358900786611680 - 0,A,Shape,B8,95,,,,,,,,,,,,,,,,,,,,,,,,,,,,,
358900786611680 - 0,A,Scratch,B9,0,0.0,0.0,0.0,0.0,0.0,0.0,0.0,0.0,0.0,0.0,0.0,0.0,0.0,0.0,0.0,0.0,0.0,0.0,0.0,0.0,0.0,0.0,0.0,0.0,0.0,0.0,0.0,0.0,0.0
359646705422001,A,Scratch,T1,0,0.0,0.0,0.0,0.0,0.0,0.0,0.0,0.0,0.0,0.0,0.0,0.0,0.0,0.0,0.0,0.0,0.0,0.0,0.0,0.0,0.0,0.0,0.0,0.0,0.0,0.0,0.0,0.0,0.0
359646705422001,A,Scratch,T2,0,0.0,0.0,0.0,0.0,0.0,0.0,0.0,0.0,0.0,0.0,0.0,0.0,0.0,0.0,0.0,0.0,0.0,0.0,0.0,0.0,0.0,0.0,0.0,0.0,0.0,0.0,0.0,0.0,0.0
359646705422001,A,Scratch,T3,0,0.0,0.0,0.0,0.0,0.0,0.0,0.0,0.0,0.0,0.0,0.0,0.0,0.0,0.0,0.0,0.0,0.0,0.0,0.0,0.0,0.0,0.0,0.0,0.0,0.0,0.0,0.0,0.0,0.0
359646705422001,A,Scratch,B1,0,0.0,0.0,0.0,0.0,0.0,0.0,0.0,0.0,0.0,0.0,0.0,0.0,0.0,0.0,0.0,0.0,0.0,0.0,0.0,0.0,0.0,0.0,0.0,0.0,0.0,0.0,0.0,0.0,0.0
359646705422001,A,Scratch,B2,444,0.0,0.0,0.0,0.0,0.0,0.0,0.0,0.0,0.0,1701.224,2063.491,0.0,0.0,0.0,0.0,0.0,0.0,0.0,0.0,0.0,0.0,0.0,0.0,0.0,0.0,0.0,0.0,0.0,0.0
359646705422001,A,Scratch,B3,1012,888.0,524.0,0.0,0.0,0.0,0.0,0.0,0.0,0.0,1690.787,2525.338,1803.469,2408.44,1686.048,2500.6,0.0,0.0,0.0,0.0,0.0,0.0,0.0,0.0,0.0,0.0,0.0,0.0,0.0,0.0
359646705422001,A,Shape,B4,96,,,,,,,,,,,,,,,,,,,,,,,,,,,,,
359646705422001,A,Shape,B5,74,,,,,,,,,,,,,,,,,,,,,,,,,,,,,
359646705422001,A,Shape,B6,76,,,,,,,,,,,,,,,,,,,,,,,,,,,,,
359646705422001,A,Shape,B7,73,,,,,,,,,,,,,,,,,,,,,,,,,,,,,
359646705422001,A,Shape,B8,95,,,,,,,,,,,,,,,,,,,,,,,,,,,,,
359646705422001,A,Scratch,B9,0,0.0,0.0,0.0,0.0,0.0,0.0,0.0,0.0,0.0,0.0,0.0,0.0,0.0,0.0,0.0,0.0,0.0,0.0,0.0,0.0,0.0,0.0,0.0,0.0,0.0,0.0,0.0,0.0,0.0
352990483035255,B,Scratch,T1,0,0.0,0.0,0.0,0.0,0.0,0.0,0.0,0.0,0.0,0.0,0.0,0.0,0.0,0.0,0.0,0.0,0.0,0.0,0.0,0.0,0.0,0.0,0.0,0.0,0.0,0.0,0.0,0.0,0.0
352990483035255,B,Scratch,T2,0,0.0,0.0,0.0,0.0,0.0,0.0,0.0,0.0,0.0,0.0,0.0,0.0,0.0,0.0,0.0,0.0,0.0,0.0,0.0,0.0,0.0,0.0,0.0,0.0,0.0,0.0,0.0,0.0,0.0
352990483035255,B,Scratch,T3,436,432.0,0.0,0.0,0.0,0.0,0.0,0.0,0.0,0.0,1855.776,2318.286,1842.097,2306.44,0.0,0.0,0.0,0.0,0.0,0.0,0.0,0.0,0.0,0.0,0.0,0.0,0.0,0.0,0.0,0.0
352990483035255,B,Scratch,B1,0,0.0,0.0,0.0,0.0,0.0,0.0,0.0,0.0,0.0,0.0,0.0,0.0,0.0,0.0,0.0,0.0,0.0,0.0,0.0,0.0,0.0,0.0,0.0,0.0,0.0,0.0,0.0,0.0,0.0
352990483035255,B,Scratch,B2,0,0.0,0.0,0.0,0.0,0.0,0.0,0.0,0.0,0.0,0.0,0.0,0.0,0.0,0.0,0.0,0.0,0.0,0.0,0.0,0.0,0.0,0.0,0.0,0.0,0.0,0.0,0.0,0.0,0.0
352990483035255,B,Scratch,B3,0,0.0,0.0,0.0,0.0,0.0,0.0,0.0,0.0,0.0,0.0,0.0,0.0,0.0,0.0,0.0,0.0,0.0,0.0,0.0,0.0,0.0,0.0,0.0,0.0,0.0,0.0,0.0,0.0,0.0
352990483035255,B,Shape,B4,98,,,,,,,,,,,,,,,,,,,,,,,,,,,,,
352990483035255,B,Shape,B5,87,,,,,,,,,,,,,,,,,,,,,,,,,,,,,
352990483035255,B,Shape,B6,88,,,,,,,,,,,,,,,,,,,,,,,,,,,,,
352990483035255,B,Shape,B7,70,,,,,,,,,,,,,,,,,,,,,,,,,,,,,
352990483035255,B,Shape,B8,97,,,,,,,,,,,,,,,,,,,,,,,,,,,,,
352990483035255,B,Scratch,B9,0,0.0,0.0,0.0,0.0,0.0,0.0,0.0,0.0,0.0,0.0,0.0,0.0,0.0,0.0,0.0,0.0,0.0,0.0,0.0,0.0,0.0,0.0,0.0,0.0,0.0,0.0,0.0,0.0,0.0
358805900034513,B,Scratch,T1,0,0.0,0.0,0.0,0.0,0.0,0.0,0.0,0.0,0.0,0.0,0.0,0.0,0.0,0.0,0.0,0.0,0.0,0.0,0.0,0.0,0.0,0.0,0.0,0.0,0.0,0.0,0.0,0.0,0.0
358805900034513,B,Scratch,T2,0,0.0,0.0,0.0,0.0,0.0,0.0,0.0,0.0,0.0,0.0,0.0,0.0,0.0,0.0,0.0,0.0,0.0,0.0,0.0,0.0,0.0,0.0,0.0,0.0,0.0,0.0,0.0,0.0,0.0
358805900034513,B,Scratch,T3,0,0.0,0.0,0.0,0.0,0.0,0.0,0.0,0.0,0.0,0.0,0.0,0.0,0.0,0.0,0.0,0.0,0.0,0.0,0.0,0.0,0.0,0.0,0.0,0.0,0.0,0.0,0.0,0.0,0.0
358805900034513,B,Scratch,B1,0,0.0,0.0,0.0,0.0,0.0,0.0,0.0,0.0,0.0,0.0,0.0,0.0,0.0,0.0,0.0,0.0,0.0,0.0,0.0,0.0,0.0,0.0,0.0,0.0,0.0,0.0,0.0,0.0,0.0
358805900034513,B,Scratch,B2,0,0.0,0.0,0.0,0.0,0.0,0.0,0.0,0.0,0.0,0.0,0.0,0.0,0.0,0.0,0.0,0.0,0.0,0.0,0.0,0.0,0.0,0.0,0.0,0.0,0.0,0.0,0.0,0.0,0.0
358805900034513,B,Scratch,B3,0,0.0,0.0,0.0,0.0,0.0,0.0,0.0,0.0,0.0,0.0,0.0,0.0,0.0,0.0,0.0,0.0,0.0,0.0,0.0,0.0,0.0,0.0,0.0,0.0,0.0,0.0,0.0,0.0,0.0
358805900034513,B,Shape,B4,91,,,,,,,,,,,,,,,,,,,,,,,,,,,,,
358805900034513,B,Shape,B5,67,,,,,,,,,,,,,,,,,,,,,,,,,,,,,
358805900034513,B,Shape,B6,71,,,,,,,,,,,,,,,,,,,,,,,,,,,,,
358805900034513,B,Shape,B7,68,,,,,,,,,,,,,,,,,,,,,,,,,,,,,
358805900034513,B,Shape,B8,89,,,,,,,,,,,,,,,,,,,,,,,,,,,,,
358805900034513,B,Scratch,B9,0,0.0,0.0,0.0,0.0,0.0,0.0,0.0,0.0,0.0,0.0,0.0,0.0,0.0,0.0,0.0,0.0,0.0,0.0,0.0,0.0,0.0,0.0,0.0,0.0,0.0,0.0,0.0,0.0,0.0
351884709898813,B,Scratch,T1,524,0.0,0.0,0.0,0.0,0.0,0.0,0.0,0.0,0.0,2020.953,696.274,0.0,0.0,0.0,0.0,0.0,0.0,0.0,0.0,0.0,0.0,0.0,0.0,0.0,0.0,0.0,0.0,0.0,0.0
351884709898813,B,Scratch,T2,564,0.0,0.0,0.0,0.0,0.0,0.0,0.0,0.0,0.0,2050.983,1474.01,0.0,0.0,0.0,0.0,0.0,0.0,0.0,0.0,0.0,0.0,0.0,0.0,0.0,0.0,0.0,0.0,0.0,0.0
351884709898813,B,Scratch,T3,0,0.0,0.0,0.0,0.0,0.0,0.0,0.0,0.0,0.0,0.0,0.0,0.0,0.0,0.0,0.0,0.0,0.0,0.0,0.0,0.0,0.0,0.0,0.0,0.0,0.0,0.0,0.0,0.0,0.0
351884709898813,B,Scratch,B1,0,0.0,0.0,0.0,0.0,0.0,0.0,0.0,0.0,0.0,0.0,0.0,0.0,0.0,0.0,0.0,0.0,0.0,0.0,0.0,0.0,0.0,0.0,0.0,0.0,0.0,0.0,0.0,0.0,0.0
351884709898813,B,Scratch,B2,1044,0.0,0.0,0.0,0.0,0.0,0.0,0.0,0.0,0.0,2098.546,1478.66,0.0,0.0,0.0,0.0,0.0,0.0,0.0,0.0,0.0,0.0,0.0,0.0,0.0,0.0,0.0,0.0,0.0,0.0
351884709898813,B,Scratch,B3,0,0.0,0.0,0.0,0.0,0.0,0.0,0.0,0.0,0.0,0.0,0.0,0.0,0.0,0.0,0.0,0.0,0.0,0.0,0.0,0.0,0.0,0.0,0.0,0.0,0.0,0.0,0.0,0.0,0.0
351884709898813,B,Shape,B4,98,,,,,,,,,,,,,,,,,,,,,,,,,,,,,
351884709898813,B,Shape,B5,84,,,,,,,,,,,,,,,,,,,,,,,,,,,,,
351884709898813,B,Shape,B6,94,,,,,,,,,,,,,,,,,,,,,,,,,,,,,
351884709898813,B,Shape,B7,86,,,,,,,,,,,,,,,,,,,,,,,,,,,,,
351884709898813,B,Shape,B8,97,,,,,,,,,,,,,,,,,,,,,,,,,,,,,
351884709898813,B,Scratch,B9,0,0.0,0.0,0.0,0.0,0.0,0.0,0.0,0.0,0.0,0.0,0.0,0.0,0.0,0.0,0.0,0.0,0.0,0.0,0.0,0.0,0.0,0.0,0.0,0.0,0.0,0.0,0.0,0.0,0.0
355980287734416,B,Scratch,T1,0,0.0,0.0,0.0,0.0,0.0,0.0,0.0,0.0,0.0,0.0,0.0,0.0,0.0,0.0,0.0,0.0,0.0,0.0,0.0,0.0,0.0,0.0,0.0,0.0,0.0,0.0,0.0,0.0,0.0
355980287734416,B,Scratch,T2,0,0.0,0.0,0.0,0.0,0.0,0.0,0.0,0.0,0.0,0.0,0.0,0.0,0.0,0.0,0.0,0.0,0.0,0.0,0.0,0.0,0.0,0.0,0.0,0.0,0.0,0.0,0.0,0.0,0.0
355980287734416,B,Scratch,T3,0,0.0,0.0,0.0,0.0,0.0,0.0,0.0,0.0,0.0,0.0,0.0,0.0,0.0,0.0,0.0,0.0,0.0,0.0,0.0,0.0,0.0,0.0,0.0,0.0,0.0,0.0,0.0,0.0,0.0
355980287734416,B,Scratch,B1,0,0.0,0.0,0.0,0.0,0.0,0.0,0.0,0.0,0.0,0.0,0.0,0.0,0.0,0.0,0.0,0.0,0.0,0.0,0.0,0.0,0.0,0.0,0.0,0.0,0.0,0.0,0.0,0.0,0.0
355980287734416,B,Scratch,B2,0,0.0,0.0,0.0,0.0,0.0,0.0,0.0,0.0,0.0,0.0,0.0,0.0,0.0,0.0,0.0,0.0,0.0,0.0,0.0,0.0,0.0,0.0,0.0,0.0,0.0,0.0,0.0,0.0,0.0
355980287734416,B,Scratch,B3,0,0.0,0.0,0.0,0.0,0.0,0.0,0.0,0.0,0.0,0.0,0.0,0.0,0.0,0.0,0.0,0.0,0.0,0.0,0.0,0.0,0.0,0.0,0.0,0.0,0.0,0.0,0.0,0.0,0.0
355980287734416,B,Shape,B4,95,,,,,,,,,,,,,,,,,,,,,,,,,,,,,
355980287734416,B,Shape,B5,85,,,,,,,,,,,,,,,,,,,,,,,,,,,,,
355980287734416,B,Shape,B6,72,,,,,,,,,,,,,,,,,,,,,,,,,,,,,
355980287734416,B,Shape,B7,76,,,,,,,,,,,,,,,,,,,,,,,,,,,,,
355980287734416,B,Shape,B8,92,,,,,,,,,,,,,,,,,,,,,,,,,,,,,
355980287734416,B,Scratch,B9,0,0.0,0.0,0.0,0.0,0.0,0.0,0.0,0.0,0.0,0.0,0.0,0.0,0.0,0.0,0.0,0.0,0.0,0.0,0.0,0.0,0.0,0.0,0.0,0.0,0.0,0.0,0.0,0.0,0.0
357624696101233 - 2,B,Scratch,T1,0,0.0,0.0,0.0,0.0,0.0,0.0,0.0,0.0,0.0,0.0,0.0,0.0,0.0,0.0,0.0,0.0,0.0,0.0,0.0,0.0,0.0,0.0,0.0,0.0,0.0,0.0,0.0,0.0,0.0
357624696101233 - 2,B,Scratch,T2,0,0.0,0.0,0.0,0.0,0.0,0.0,0.0,0.0,0.0,0.0,0.0,0.0,0.0,0.0,0.0,0.0,0.0,0.0,0.0,0.0,0.0,0.0,0.0,0.0,0.0,0.0,0.0,0.0,0.0
357624696101233 - 2,B,Scratch,T3,0,0.0,0.0,0.0,0.0,0.0,0.0,0.0,0.0,0.0,0.0,0.0,0.0,0.0,0.0,0.0,0.0,0.0,0.0,0.0,0.0,0.0,0.0,0.0,0.0,0.0,0.0,0.0,0.0,0.0
357624696101233 - 2,B,Scratch,B1,0,0.0,0.0,0.0,0.0,0.0,0.0,0.0,0.0,0.0,0.0,0.0,0.0,0.0,0.0,0.0,0.0,0.0,0.0,0.0,0.0,0.0,0.0,0.0,0.0,0.0,0.0,0.0,0.0,0.0
357624696101233 - 2,B,Scratch,B2,0,0.0,0.0,0.0,0.0,0.0,0.0,0.0,0.0,0.0,0.0,0.0,0.0,0.0,0.0,0.0,0.0,0.0,0.0,0.0,0.0,0.0,0.0,0.0,0.0,0.0,0.0,0.0,0.0,0.0
357624696101233 - 2,B,Scratch,B3,0,0.0,0.0,0.0,0.0,0.0,0.0,0.0,0.0,0.0,0.0,0.0,0.0,0.0,0.0,0.0,0.0,0.0,0.0,0.0,0.0,0.0,0.0,0.0,0.0,0.0,0.0,0.0,0.0,0.0
357624696101233 - 2,B,Shape,B4,91,,,,,,,,,,,,,,,,,,,,,,,,,,,,,
357624696101233 - 2,B,Shape,B5,43,,,,,,,,,,,,,,,,,,,,,,,,,,,,,
357624696101233 - 2,B,Shape,B6,67,,,,,,,,,,,,,,,,,,,,,,,,,,,,,
357624696101233 - 2,B,Shape,B7,55,,,,,,,,,,,,,,,,,,,,,,,,,,,,,
357624696101233 - 2,B,Shape,B8,88,,,,,,,,,,,,,,,,,,,,,,,,,,,,,
357624696101233 - 2,B,Scratch,B9,0,0.0,0.0,0.0,0.0,0.0,0.0,0.0,0.0,0.0,0.0,0.0,0.0,0.0,0.0,0.0,0.0,0.0,0.0,0.0,0.0,0.0,0.0,0.0,0.0,0.0,0.0,0.0,0.0,0.0
357624698357403,B,Scratch,T1,1012,0.0,0.0,0.0,0.0,0.0,0.0,0.0,0.0,0.0,1829.508,1106.392,0.0,0.0,0.0,0.0,0.0,0.0,0.0,0.0,0.0,0.0,0.0,0.0,0.0,0.0,0.0,0.0,0.0,0.0
357624698357403,B,Scratch,T2,724,716.0,672.0,604.0,556.0,552.0,524.0,444.0,420.0,0.0,2359.751,1544.778,2370.888,1265.911,2189.887,1361.374,2373.976,1213.104,2337.646,1450.949,2326.894,1516.965,2071.35,1250.845,2259.196,1213.281,2370.871,1198.968,0.0,0.0
357624698357403,B,Scratch,T3,2292,884.0,548.0,460.0,0.0,0.0,0.0,0.0,0.0,0.0,2363.33,2217.029,2391.75,2036.707,2379.263,2348.617,1924.262,2532.423,0.0,0.0,0.0,0.0,0.0,0.0,0.0,0.0,0.0,0.0,0.0,0.0
357624698357403,B,Scratch,B1,0,0.0,0.0,0.0,0.0,0.0,0.0,0.0,0.0,0.0,0.0,0.0,0.0,0.0,0.0,0.0,0.0,0.0,0.0,0.0,0.0,0.0,0.0,0.0,0.0,0.0,0.0,0.0,0.0,0.0
357624698357403,B,Scratch,B2,0,0.0,0.0,0.0,0.0,0.0,0.0,0.0,0.0,0.0,0.0,0.0,0.0,0.0,0.0,0.0,0.0,0.0,0.0,0.0,0.0,0.0,0.0,0.0,0.0,0.0,0.0,0.0,0.0,0.0
357624698357403,B,Scratch,B3,0,0.0,0.0,0.0,0.0,0.0,0.0,0.0,0.0,0.0,0.0,0.0,0.0,0.0,0.0,0.0,0.0,0.0,0.0,0.0,0.0,0.0,0.0,0.0,0.0,0.0,0.0,0.0,0.0,0.0
357624698357403,B,Shape,B4,98,,,,,,,,,,,,,,,,,,,,,,,,,,,,,
357624698357403,B,Shape,B5,82,,,,,,,,,,,,,,,,,,,,,,,,,,,,,
357624698357403,B,Shape,B6,90,,,,,,,,,,,,,,,,,,,,,,,,,,,,,
357624698357403,B,Shape,B7,49,,,,,,,,,,,,,,,,,,,,,,,,,,,,,
357624698357403,B,Shape,B8,96,,,,,,,,,,,,,,,,,,,,,,,,,,,,,
357624698357403,B,Scratch,B9,0,0.0,0.0,0.0,0.0,0.0,0.0,0.0,0.0,0.0,0.0,0.0,0.0,0.0,0.0,0.0,0.0,0.0,0.0,0.0,0.0,0.0,0.0,0.0,0.0,0.0,0.0,0.0,0.0,0.0
358900783354714 - 0,B,Scratch,T1,1432,1260.0,1256.0,1244.0,1200.0,1160.0,832.0,672.0,672.0,596.0,1785.63,748.98,1775.641,882.982,1775.794,702.359,1778.752,808.982,1821.481,1018.145,1806.849,455.709,1770.069,589.741,1807.06,1150.269,1807.684,778.149,1824.403,1035.973
358900783354714 - 0,B,Scratch,T2,1276,772.0,632.0,608.0,572.0,412.0,0.0,0.0,0.0,0.0,1795.398,1155.866,1828.15,1654.049,1832.121,1640.613,1835.825,1489.637,1793.537,1461.079,1938.895,1721.017,0.0,0.0,0.0,0.0,0.0,0.0,0.0,0.0
358900783354714 - 0,B,Scratch,T3,0,0.0,0.0,0.0,0.0,0.0,0.0,0.0,0.0,0.0,0.0,0.0,0.0,0.0,0.0,0.0,0.0,0.0,0.0,0.0,0.0,0.0,0.0,0.0,0.0,0.0,0.0,0.0,0.0,0.0
358900783354714 - 0,B,Scratch,B1,780,564.0,468.0,0.0,0.0,0.0,0.0,0.0,0.0,0.0,2088.457,753.84,2101.325,738.803,2146.493,581.992,0.0,0.0,0.0,0.0,0.0,0.0,0.0,0.0,0.0,0.0,0.0,0.0,0.0,0.0
358900783354714 - 0,B,Scratch,B2,1004,876.0,0.0,0.0,0.0,0.0,0.0,0.0,0.0,0.0,1906.686,1390.261,1911.561,1376.891,0.0,0.0,0.0,0.0,0.0,0.0,0.0,0.0,0.0,0.0,0.0,0.0,0.0,0.0,0.0,0.0
358900783354714 - 0,B,Scratch,B3,720,0.0,0.0,0.0,0.0,0.0,0.0,0.0,0.0,0.0,2229.531,2244.712,0.0,0.0,0.0,0.0,0.0,0.0,0.0,0.0,0.0,0.0,0.0,0.0,0.0,0.0,0.0,0.0,0.0,0.0
358900783354714 - 0,B,Shape,B4,96,,,,,,,,,,,,,,,,,,,,,,,,,,,,,
358900783354714 - 0,B,Shape,B5,84,,,,,,,,,,,,,,,,,,,,,,,,,,,,,
358900783354714 - 0,B,Shape,B6,93,,,,,,,,,,,,,,,,,,,,,,,,,,,,,
358900783354714 - 0,B,Shape,B7,70,,,,,,,,,,,,,,,,,,,,,,,,,,,,,
358900783354714 - 0,B,Shape,B8,96,,,,,,,,,,,,,,,,,,,,,,,,,,,,,
358900783354714 - 0,B,Scratch,B9,0,0.0,0.0,0.0,0.0,0.0,0.0,0.0,0.0,0.0,0.0,0.0,0.0,0.0,0.0,0.0,0.0,0.0,0.0,0.0,0.0,0.0,0.0,0.0,0.0,0.0,0.0,0.0,0.0,0.0
358900786611680 - 0,B,Scratch,T1,3136,1468.0,1312.0,1180.0,1008.0,812.0,812.0,792.0,708.0,684.0,2181.94,901.152,2364.191,885.45,2267.28,889.979,2235.062,930.158,2155.359,944.293,2256.26,865.748,2036.478,920.451,2395.261,938.732,2200.895,840.984,2099.43,937.556
358900786611680 - 0,B,Scratch,T2,2048,1848.0,1688.0,1200.0,828.0,800.0,784.0,780.0,724.0,612.0,2169.655,1374.846,2009.09,1585.315,2101.94,1598.128,1897.439,1573.522,2183.485,1547.602,1864.676,1636.589,1787.288,1238.503,1821.597,1303.088,1831.394,1269.044,2015.523,1556.145
358900786611680 - 0,B,Scratch,T3,880,628.0,428.0,0.0,0.0,0.0,0.0,0.0,0.0,0.0,1735.118,1975.658,2072.257,2640.511,1825.336,1952.626,0.0,0.0,0.0,0.0,0.0,0.0,0.0,0.0,0.0,0.0,0.0,0.0,0.0,0.0
358900786611680 - 0,B,Scratch,B1,0,0.0,0.0,0.0,0.0,0.0,0.0,0.0,0.0,0.0,0.0,0.0,0.0,0.0,0.0,0.0,0.0,0.0,0.0,0.0,0.0,0.0,0.0,0.0,0.0,0.0,0.0,0.0,0.0,0.0
358900786611680 - 0,B,Scratch,B2,0,0.0,0.0,0.0,0.0,0.0,0.0,0.0,0.0,0.0,0.0,0.0,0.0,0.0,0.0,0.0,0.0,0.0,0.0,0.0,0.0,0.0,0.0,0.0,0.0,0.0,0.0,0.0,0.0,0.0
358900786611680 - 0,B,Scratch,B3,0,0.0,0.0,0.0,0.0,0.0,0.0,0.0,0.0,0.0,0.0,0.0,0.0,0.0,0.0,0.0,0.0,0.0,0.0,0.0,0.0,0.0,0.0,0.0,0.0,0.0,0.0,0.0,0.0,0.0
358900786611680 - 0,B,Shape,B4,98,,,,,,,,,,,,,,,,,,,,,,,,,,,,,
358900786611680 - 0,B,Shape,B5,83,,,,,,,,,,,,,,,,,,,,,,,,,,,,,
358900786611680 - 0,B,Shape,B6,77,,,,,,,,,,,,,,,,,,,,,,,,,,,,,
358900786611680 - 0,B,Shape,B7,71,,,,,,,,,,,,,,,,,,,,,,,,,,,,,
358900786611680 - 0,B,Shape,B8,95,,,,,,,,,,,,,,,,,,,,,,,,,,,,,
358900786611680 - 0,B,Scratch,B9,0,0.0,0.0,0.0,0.0,0.0,0.0,0.0,0.0,0.0,0.0,0.0,0.0,0.0,0.0,0.0,0.0,0.0,0.0,0.0,0.0,0.0,0.0,0.0,0.0,0.0,0.0,0.0,0.0,0.0
359646705422001,B,Scratch,T1,0,0.0,0.0,0.0,0.0,0.0,0.0,0.0,0.0,0.0,0.0,0.0,0.0,0.0,0.0,0.0,0.0,0.0,0.0,0.0,0.0,0.0,0.0,0.0,0.0,0.0,0.0,0.0,0.0,0.0
359646705422001,B,Scratch,T2,0,0.0,0.0,0.0,0.0,0.0,0.0,0.0,0.0,0.0,0.0,0.0,0.0,0.0,0.0,0.0,0.0,0.0,0.0,0.0,0.0,0.0,0.0,0.0,0.0,0.0,0.0,0.0,0.0,0.0
359646705422001,B,Scratch,T3,0,0.0,0.0,0.0,0.0,0.0,0.0,0.0,0.0,0.0,0.0,0.0,0.0,0.0,0.0,0.0,0.0,0.0,0.0,0.0,0.0,0.0,0.0,0.0,0.0,0.0,0.0,0.0,0.0,0.0
359646705422001,B,Scratch,B1,0,0.0,0.0,0.0,0.0,0.0,0.0,0.0,0.0,0.0,0.0,0.0,0.0,0.0,0.0,0.0,0.0,0.0,0.0,0.0,0.0,0.0,0.0,0.0,0.0,0.0,0.0,0.0,0.0,0.0
359646705422001,B,Scratch,B2,444,0.0,0.0,0.0,0.0,0.0,0.0,0.0,0.0,0.0,1701.224,2063.491,0.0,0.0,0.0,0.0,0.0,0.0,0.0,0.0,0.0,0.0,0.0,0.0,0.0,0.0,0.0,0.0,0.0,0.0
359646705422001,B,Scratch,B3,1012,888.0,524.0,0.0,0.0,0.0,0.0,0.0,0.0,0.0,1690.787,2525.338,1803.469,2408.44,1686.048,2500.6,0.0,0.0,0.0,0.0,0.0,0.0,0.0,0.0,0.0,0.0,0.0,0.0,0.0,0.0
359646705422001,B,Shape,B4,96,,,,,,,,,,,,,,,,,,,,,,,,,,,,,
359646705422001,B,Shape,B5,74,,,,,,,,,,,,,,,,,,,,,,,,,,,,,
359646705422001,B,Shape,B6,76,,,,,,,,,,,,,,,,,,,,,,,,,,,,,
359646705422001,B,Shape,B7,73,,,,,,,,,,,,,,,,,,,,,,,,,,,,,
359646705422001,B,Shape,B8,95,,,,,,,,,,,,,,,,,,,,,,,,,,,,,
359646705422001,B,Scratch,B9,0,0.0,0.0,0.0,0.0,0.0,0.0,0.0,0.0,0.0,0.0,0.0,0.0,0.0,0.0,0.0,0.0,0.0,0.0,0.0,0.0,0.0,0.0,0.0,0.0,0.0,0.0,0.0,0.0,0.0
351884703360489,C,Scratch,T1,500,420.0,0.0,0.0,0.0,0.0,0.0,0.0,0.0,0.0,1774.871,369.655,1915.591,410.407,0.0,0.0,0.0,0.0,0.0,0.0,0.0,0.0,0.0,0.0,0.0,0.0,0.0,0.0,0.0,0.0
351884703360489,C,Scratch,T2,924,500.0,456.0,420.0,0.0,0.0,0.0,0.0,0.0,0.0,1895.272,1323.853,1833.301,1771.408,1880.777,1687.286,1761.722,1440.15,0.0,0.0,0.0,0.0,0.0,0.0,0.0,0.0,0.0,0.0,0.0,0.0
351884703360489,C,Scratch,T3,1344,632.0,632.0,568.0,484.0,476.0,476.0,444.0,0.0,0.0,2126.985,2260.777,2030.696,2276.338,1760.826,2602.518,2178.13,2342.192,1998.884,2260.013,2229.069,2245.986,2227.258,2258.123,2041.086,2509.451,0.0,0.0,0.0,0.0
351884703360489,C,Scratch,B1,0,0.0,0.0,0.0,0.0,0.0,0.0,0.0,0.0,0.0,0.0,0.0,0.0,0.0,0.0,0.0,0.0,0.0,0.0,0.0,0.0,0.0,0.0,0.0,0.0,0.0,0.0,0.0,0.0,0.0
351884703360489,C,Scratch,B2,0,0.0,0.0,0.0,0.0,0.0,0.0,0.0,0.0,0.0,0.0,0.0,0.0,0.0,0.0,0.0,0.0,0.0,0.0,0.0,0.0,0.0,0.0,0.0,0.0,0.0,0.0,0.0,0.0,0.0
351884703360489,C,Scratch,B3,0,0.0,0.0,0.0,0.0,0.0,0.0,0.0,0.0,0.0,0.0,0.0,0.0,0.0,0.0,0.0,0.0,0.0,0.0,0.0,0.0,0.0,0.0,0.0,0.0,0.0,0.0,0.0,0.0,0.0
351884703360489,C,Shape,B4,94,,,,,,,,,,,,,,,,,,,,,,,,,,,,,
351884703360489,C,Shape,B5,64,,,,,,,,,,,,,,,,,,,,,,,,,,,,,
351884703360489,C,Shape,B6,81,,,,,,,,,,,,,,,,,,,,,,,,,,,,,
351884703360489,C,Shape,B7,50,,,,,,,,,,,,,,,,,,,,,,,,,,,,,
351884703360489,C,Shape,B8,92,,,,,,,,,,,,,,,,,,,,,,,,,,,,,
351884703360489,C,Scratch,B9,0,0.0,0.0,0.0,0.0,0.0,0.0,0.0,0.0,0.0,0.0,0.0,0.0,0.0,0.0,0.0,0.0,0.0,0.0,0.0,0.0,0.0,0.0,0.0,0.0,0.0,0.0,0.0,0.0,0.0
351884707400653,C,Scratch,T1,0,0.0,0.0,0.0,0.0,0.0,0.0,0.0,0.0,0.0,0.0,0.0,0.0,0.0,0.0,0.0,0.0,0.0,0.0,0.0,0.0,0.0,0.0,0.0,0.0,0.0,0.0,0.0,0.0,0.0
351884707400653,C,Scratch,T2,0,0.0,0.0,0.0,0.0,0.0,0.0,0.0,0.0,0.0,0.0,0.0,0.0,0.0,0.0,0.0,0.0,0.0,0.0,0.0,0.0,0.0,0.0,0.0,0.0,0.0,0.0,0.0,0.0,0.0
351884707400653,C,Scratch,T3,0,0.0,0.0,0.0,0.0,0.0,0.0,0.0,0.0,0.0,0.0,0.0,0.0,0.0,0.0,0.0,0.0,0.0,0.0,0.0,0.0,0.0,0.0,0.0,0.0,0.0,0.0,0.0,0.0,0.0
351884707400653,C,Scratch,B1,0,0.0,0.0,0.0,0.0,0.0,0.0,0.0,0.0,0.0,0.0,0.0,0.0,0.0,0.0,0.0,0.0,0.0,0.0,0.0,0.0,0.0,0.0,0.0,0.0,0.0,0.0,0.0,0.0,0.0
351884707400653,C,Scratch,B2,0,0.0,0.0,0.0,0.0,0.0,0.0,0.0,0.0,0.0,0.0,0.0,0.0,0.0,0.0,0.0,0.0,0.0,0.0,0.0,0.0,0.0,0.0,0.0,0.0,0.0,0.0,0.0,0.0,0.0
351884707400653,C,Scratch,B3,0,0.0,0.0,0.0,0.0,0.0,0.0,0.0,0.0,0.0,0.0,0.0,0.0,0.0,0.0,0.0,0.0,0.0,0.0,0.0,0.0,0.0,0.0,0.0,0.0,0.0,0.0,0.0,0.0,0.0
351884707400653,C,Shape,B4,91,,,,,,,,,,,,,,,,,,,,,,,,,,,,,
351884707400653,C,Shape,B5,69,,,,,,,,,,,,,,,,,,,,,,,,,,,,,
351884707400653,C,Shape,B6,60,,,,,,,,,,,,,,,,,,,,,,,,,,,,,
351884707400653,C,Shape,B7,69,,,,,,,,,,,,,,,,,,,,,,,,,,,,,
351884707400653,C,Shape,B8,88,,,,,,,,,,,,,,,,,,,,,,,,,,,,,
351884707400653,C,Scratch,B9,0,0.0,0.0,0.0,0.0,0.0,0.0,0.0,0.0,0.0,0.0,0.0,0.0,0.0,0.0,0.0,0.0,0.0,0.0,0.0,0.0,0.0,0.0,0.0,0.0,0.0,0.0,0.0,0.0,0.0
351884709167516,C,Scratch,T1,2008,940.0,840.0,760.0,676.0,664.0,608.0,604.0,484.0,468.0,2241.815,330.564,1866.331,347.418,1792.324,524.972,2080.901,731.539,1820.212,513.355,1927.712,600.182,1851.572,860.707,1764.149,332.588,1746.701,1119.853,2388.423,979.94
351884709167516,C,Scratch,T2,576,0.0,0.0,0.0,0.0,0.0,0.0,0.0,0.0,0.0,1757.081,1582.98,0.0,0.0,0.0,0.0,0.0,0.0,0.0,0.0,0.0,0.0,0.0,0.0,0.0,0.0,0.0,0.0,0.0,0.0
351884709167516,C,Scratch,T3,856,732.0,688.0,664.0,572.0,528.0,416.0,0.0,0.0,0.0,1784.726,2081.914,1722.936,2198.599,1723.681,2490.471,2231.057,2550.484,1779.288,2095.877,1729.459,2477.258,1998.186,2358.477,0.0,0.0,0.0,0.0,0.0,0.0
351884709167516,C,Scratch,B1,0,0.0,0.0,0.0,0.0,0.0,0.0,0.0,0.0,0.0,0.0,0.0,0.0,0.0,0.0,0.0,0.0,0.0,0.0,0.0,0.0,0.0,0.0,0.0,0.0,0.0,0.0,0.0,0.0,0.0
351884709167516,C,Scratch,B2,0,0.0,0.0,0.0,0.0,0.0,0.0,0.0,0.0,0.0,0.0,0.0,0.0,0.0,0.0,0.0,0.0,0.0,0.0,0.0,0.0,0.0,0.0,0.0,0.0,0.0,0.0,0.0,0.0,0.0
351884709167516,C,Scratch,B3,0,0.0,0.0,0.0,0.0,0.0,0.0,0.0,0.0,0.0,0.0,0.0,0.0,0.0,0.0,0.0,0.0,0.0,0.0,0.0,0.0,0.0,0.0,0.0,0.0,0.0,0.0,0.0,0.0,0.0
351884709167516,C,Shape,B4,97,,,,,,,,,,,,,,,,,,,,,,,,,,,,,
351884709167516,C,Shape,B5,86,,,,,,,,,,,,,,,,,,,,,,,,,,,,,
351884709167516,C,Shape,B6,84,,,,,,,,,,,,,,,,,,,,,,,,,,,,,
351884709167516,C,Shape,B7,83,,,,,,,,,,,,,,,,,,,,,,,,,,,,,
351884709167516,C,Shape,B8,93,,,,,,,,,,,,,,,,,,,,,,,,,,,,,
351884709167516,C,Scratch,B9,0,0.0,0.0,0.0,0.0,0.0,0.0,0.0,0.0,0.0,0.0,0.0,0.0,0.0,0.0,0.0,0.0,0.0,0.0,0.0,0.0,0.0,0.0,0.0,0.0,0.0,0.0,0.0,0.0,0.0
352990486160415 - 3,C,Scratch,T1,0,0.0,0.0,0.0,0.0,0.0,0.0,0.0,0.0,0.0,0.0,0.0,0.0,0.0,0.0,0.0,0.0,0.0,0.0,0.0,0.0,0.0,0.0,0.0,0.0,0.0,0.0,0.0,0.0,0.0
352990486160415 - 3,C,Scratch,T2,776,0.0,0.0,0.0,0.0,0.0,0.0,0.0,0.0,0.0,1854.982,1567.088,0.0,0.0,0.0,0.0,0.0,0.0,0.0,0.0,0.0,0.0,0.0,0.0,0.0,0.0,0.0,0.0,0.0,0.0
352990486160415 - 3,C,Scratch,T3,508,0.0,0.0,0.0,0.0,0.0,0.0,0.0,0.0,0.0,2240.734,2117.803,0.0,0.0,0.0,0.0,0.0,0.0,0.0,0.0,0.0,0.0,0.0,0.0,0.0,0.0,0.0,0.0,0.0,0.0
352990486160415 - 3,C,Scratch,B1,0,0.0,0.0,0.0,0.0,0.0,0.0,0.0,0.0,0.0,0.0,0.0,0.0,0.0,0.0,0.0,0.0,0.0,0.0,0.0,0.0,0.0,0.0,0.0,0.0,0.0,0.0,0.0,0.0,0.0
352990486160415 - 3,C,Scratch,B2,0,0.0,0.0,0.0,0.0,0.0,0.0,0.0,0.0,0.0,0.0,0.0,0.0,0.0,0.0,0.0,0.0,0.0,0.0,0.0,0.0,0.0,0.0,0.0,0.0,0.0,0.0,0.0,0.0,0.0
352990486160415 - 3,C,Scratch,B3,0,0.0,0.0,0.0,0.0,0.0,0.0,0.0,0.0,0.0,0.0,0.0,0.0,0.0,0.0,0.0,0.0,0.0,0.0,0.0,0.0,0.0,0.0,0.0,0.0,0.0,0.0,0.0,0.0,0.0
352990486160415 - 3,C,Shape,B4,96,,,,,,,,,,,,,,,,,,,,,,,,,,,,,
352990486160415 - 3,C,Shape,B5,71,,,,,,,,,,,,,,,,,,,,,,,,,,,,,
352990486160415 - 3,C,Shape,B6,86,,,,,,,,,,,,,,,,,,,,,,,,,,,,,
352990486160415 - 3,C,Shape,B7,62,,,,,,,,,,,,,,,,,,,,,,,,,,,,,
352990486160415 - 3,C,Shape,B8,96,,,,,,,,,,,,,,,,,,,,,,,,,,,,,
352990486160415 - 3,C,Scratch,B9,0,0.0,0.0,0.0,0.0,0.0,0.0,0.0,0.0,0.0,0.0,0.0,0.0,0.0,0.0,0.0,0.0,0.0,0.0,0.0,0.0,0.0,0.0,0.0,0.0,0.0,0.0,0.0,0.0,0.0
352990486410638,C,Scratch,T1,0,0.0,0.0,0.0,0.0,0.0,0.0,0.0,0.0,0.0,0.0,0.0,0.0,0.0,0.0,0.0,0.0,0.0,0.0,0.0,0.0,0.0,0.0,0.0,0.0,0.0,0.0,0.0,0.0,0.0
352990486410638,C,Scratch,T2,0,0.0,0.0,0.0,0.0,0.0,0.0,0.0,0.0,0.0,0.0,0.0,0.0,0.0,0.0,0.0,0.0,0.0,0.0,0.0,0.0,0.0,0.0,0.0,0.0,0.0,0.0,0.0,0.0,0.0
352990486410638,C,Scratch,T3,0,0.0,0.0,0.0,0.0,0.0,0.0,0.0,0.0,0.0,0.0,0.0,0.0,0.0,0.0,0.0,0.0,0.0,0.0,0.0,0.0,0.0,0.0,0.0,0.0,0.0,0.0,0.0,0.0,0.0
352990486410638,C,Scratch,B1,560,460.0,0.0,0.0,0.0,0.0,0.0,0.0,0.0,0.0,2129.689,1105.962,2128.412,1119.29,0.0,0.0,0.0,0.0,0.0,0.0,0.0,0.0,0.0,0.0,0.0,0.0,0.0,0.0,0.0,0.0
352990486410638,C,Scratch,B2,0,0.0,0.0,0.0,0.0,0.0,0.0,0.0,0.0,0.0,0.0,0.0,0.0,0.0,0.0,0.0,0.0,0.0,0.0,0.0,0.0,0.0,0.0,0.0,0.0,0.0,0.0,0.0,0.0,0.0
352990486410638,C,Scratch,B3,0,0.0,0.0,0.0,0.0,0.0,0.0,0.0,0.0,0.0,0.0,0.0,0.0,0.0,0.0,0.0,0.0,0.0,0.0,0.0,0.0,0.0,0.0,0.0,0.0,0.0,0.0,0.0,0.0,0.0
352990486410638,C,Shape,B4,98,,,,,,,,,,,,,,,,,,,,,,,,,,,,,
352990486410638,C,Shape,B5,90,,,,,,,,,,,,,,,,,,,,,,,,,,,,,
352990486410638,C,Shape,B6,91,,,,,,,,,,,,,,,,,,,,,,,,,,,,,
352990486410638,C,Shape,B7,86,,,,,,,,,,,,,,,,,,,,,,,,,,,,,
352990486410638,C,Shape,B8,97,,,,,,,,,,,,,,,,,,,,,,,,,,,,,
352990486410638,C,Scratch,B9,0,0.0,0.0,0.0,0.0,0.0,0.0,0.0,0.0,0.0,0.0,0.0,0.0,0.0,0.0,0.0,0.0,0.0,0.0,0.0,0.0,0.0,0.0,0.0,0.0,0.0,0.0,0.0,0.0,0.0
352990488930492,C,Scratch,T1,1320,0.0,0.0,0.0,0.0,0.0,0.0,0.0,0.0,0.0,1774.113,953.083,0.0,0.0,0.0,0.0,0.0,0.0,0.0,0.0,0.0,0.0,0.0,0.0,0.0,0.0,0.0,0.0,0.0,0.0
352990488930492,C,Scratch,T2,0,0.0,0.0,0.0,0.0,0.0,0.0,0.0,0.0,0.0,0.0,0.0,0.0,0.0,0.0,0.0,0.0,0.0,0.0,0.0,0.0,0.0,0.0,0.0,0.0,0.0,0.0,0.0,0.0,0.0
352990488930492,C,Scratch,T3,464,0.0,0.0,0.0,0.0,0.0,0.0,0.0,0.0,0.0,1937.021,2090.213,0.0,0.0,0.0,0.0,0.0,0.0,0.0,0.0,0.0,0.0,0.0,0.0,0.0,0.0,0.0,0.0,0.0,0.0
352990488930492,C,Scratch,B1,0,0.0,0.0,0.0,0.0,0.0,0.0,0.0,0.0,0.0,0.0,0.0,0.0,0.0,0.0,0.0,0.0,0.0,0.0,0.0,0.0,0.0,0.0,0.0,0.0,0.0,0.0,0.0,0.0,0.0
352990488930492,C,Scratch,B2,0,0.0,0.0,0.0,0.0,0.0,0.0,0.0,0.0,0.0,0.0,0.0,0.0,0.0,0.0,0.0,0.0,0.0,0.0,0.0,0.0,0.0,0.0,0.0,0.0,0.0,0.0,0.0,0.0,0.0
352990488930492,C,Scratch,B3,0,0.0,0.0,0.0,0.0,0.0,0.0,0.0,0.0,0.0,0.0,0.0,0.0,0.0,0.0,0.0,0.0,0.0,0.0,0.0,0.0,0.0,0.0,0.0,0.0,0.0,0.0,0.0,0.0,0.0
352990488930492,C,Shape,B4,98,,,,,,,,,,,,,,,,,,,,,,,,,,,,,
352990488930492,C,Shape,B5,82,,,,,,,,,,,,,,,,,,,,,,,,,,,,,
352990488930492,C,Shape,B6,89,,,,,,,,,,,,,,,,,,,,,,,,,,,,,
352990488930492,C,Shape,B7,58,,,,,,,,,,,,,,,,,,,,,,,,,,,,,
352990488930492,C,Shape,B8,98,,,,,,,,,,,,,,,,,,,,,,,,,,,,,
352990488930492,C,Scratch,B9,0,0.0,0.0,0.0,0.0,0.0,0.0,0.0,0.0,0.0,0.0,0.0,0.0,0.0,0.0,0.0,0.0,0.0,0.0,0.0,0.0,0.0,0.0,0.0,0.0,0.0,0.0,0.0,0.0,0.0
352990489271854,C,Scratch,T1,0,0.0,0.0,0.0,0.0,0.0,0.0,0.0,0.0,0.0,0.0,0.0,0.0,0.0,0.0,0.0,0.0,0.0,0.0,0.0,0.0,0.0,0.0,0.0,0.0,0.0,0.0,0.0,0.0,0.0
352990489271854,C,Scratch,T2,0,0.0,0.0,0.0,0.0,0.0,0.0,0.0,0.0,0.0,0.0,0.0,0.0,0.0,0.0,0.0,0.0,0.0,0.0,0.0,0.0,0.0,0.0,0.0,0.0,0.0,0.0,0.0,0.0,0.0
352990489271854,C,Scratch,T3,0,0.0,0.0,0.0,0.0,0.0,0.0,0.0,0.0,0.0,0.0,0.0,0.0,0.0,0.0,0.0,0.0,0.0,0.0,0.0,0.0,0.0,0.0,0.0,0.0,0.0,0.0,0.0,0.0,0.0
352990489271854,C,Scratch,B1,0,0.0,0.0,0.0,0.0,0.0,0.0,0.0,0.0,0.0,0.0,0.0,0.0,0.0,0.0,0.0,0.0,0.0,0.0,0.0,0.0,0.0,0.0,0.0,0.0,0.0,0.0,0.0,0.0,0.0
352990489271854,C,Scratch,B2,0,0.0,0.0,0.0,0.0,0.0,0.0,0.0,0.0,0.0,0.0,0.0,0.0,0.0,0.0,0.0,0.0,0.0,0.0,0.0,0.0,0.0,0.0,0.0,0.0,0.0,0.0,0.0,0.0,0.0
352990489271854,C,Scratch,B3,0,0.0,0.0,0.0,0.0,0.0,0.0,0.0,0.0,0.0,0.0,0.0,0.0,0.0,0.0,0.0,0.0,0.0,0.0,0.0,0.0,0.0,0.0,0.0,0.0,0.0,0.0,0.0,0.0,0.0
352990489271854,C,Shape,B4,91,,,,,,,,,,,,,,,,,,,,,,,,,,,,,
352990489271854,C,Shape,B5,60,,,,,,,,,,,,,,,,,,,,,,,,,,,,,
352990489271854,C,Shape,B6,69,,,,,,,,,,,,,,,,,,,,,,,,,,,,,
352990489271854,C,Shape,B7,67,,,,,,,,,,,,,,,,,,,,,,,,,,,,,
352990489271854,C,Shape,B8,89,,,,,,,,,,,,,,,,,,,,,,,,,,,,,
352990489271854,C,Scratch,B9,0,0.0,0.0,0.0,0.0,0.0,0.0,0.0,0.0,0.0,0.0,0.0,0.0,0.0,0.0,0.0,0.0,0.0,0.0,0.0,0.0,0.0,0.0,0.0,0.0,0.0,0.0,0.0,0.0,0.0
355980282645096,C,Scratch,T1,0,0.0,0.0,0.0,0.0,0.0,0.0,0.0,0.0,0.0,0.0,0.0,0.0,0.0,0.0,0.0,0.0,0.0,0.0,0.0,0.0,0.0,0.0,0.0,0.0,0.0,0.0,0.0,0.0,0.0
355980282645096,C,Scratch,T2,948,0.0,0.0,0.0,0.0,0.0,0.0,0.0,0.0,0.0,1910.492,1242.307,0.0,0.0,0.0,0.0,0.0,0.0,0.0,0.0,0.0,0.0,0.0,0.0,0.0,0.0,0.0,0.0,0.0,0.0
355980282645096,C,Scratch,T3,0,0.0,0.0,0.0,0.0,0.0,0.0,0.0,0.0,0.0,0.0,0.0,0.0,0.0,0.0,0.0,0.0,0.0,0.0,0.0,0.0,0.0,0.0,0.0,0.0,0.0,0.0,0.0,0.0,0.0
355980282645096,C,Scratch,B1,0,0.0,0.0,0.0,0.0,0.0,0.0,0.0,0.0,0.0,0.0,0.0,0.0,0.0,0.0,0.0,0.0,0.0,0.0,0.0,0.0,0.0,0.0,0.0,0.0,0.0,0.0,0.0,0.0,0.0
355980282645096,C,Scratch,B2,1688,1676.0,1200.0,768.0,712.0,636.0,620.0,464.0,452.0,404.0,1927.075,2136.831,1706.949,1974.525,2194.325,1520.425,1810.171,2008.842,1806.371,1992.276,1880.829,1960.455,2176.016,1496.506,1821.692,1962.6,2086.851,1529.503,2101.086,1475.845
355980282645096,C,Scratch,B3,0,0.0,0.0,0.0,0.0,0.0,0.0,0.0,0.0,0.0,0.0,0.0,0.0,0.0,0.0,0.0,0.0,0.0,0.0,0.0,0.0,0.0,0.0,0.0,0.0,0.0,0.0,0.0,0.0,0.0
355980282645096,C,Shape,B4,94,,,,,,,,,,,,,,,,,,,,,,,,,,,,,
355980282645096,C,Shape,B5,61,,,,,,,,,,,,,,,,,,,,,,,,,,,,,
355980282645096,C,Shape,B6,90,,,,,,,,,,,,,,,,,,,,,,,,,,,,,
355980282645096,C,Shape,B7,49,,,,,,,,,,,,,,,,,,,,,,,,,,,,,
355980282645096,C,Shape,B8,93,,,,,,,,,,,,,,,,,,,,,,,,,,,,,
355980282645096,C,Scratch,B9,0,0.0,0.0,0.0,0.0,0.0,0.0,0.0,0.0,0.0,0.0,0.0,0.0,0.0,0.0,0.0,0.0,0.0,0.0,0.0,0.0,0.0,0.0,0.0,0.0,0.0,0.0,0.0,0.0,0.0
355980284850207,C,Scratch,T1,0,0.0,0.0,0.0,0.0,0.0,0.0,0.0,0.0,0.0,0.0,0.0,0.0,0.0,0.0,0.0,0.0,0.0,0.0,0.0,0.0,0.0,0.0,0.0,0.0,0.0,0.0,0.0,0.0,0.0
355980284850207,C,Scratch,T2,0,0.0,0.0,0.0,0.0,0.0,0.0,0.0,0.0,0.0,0.0,0.0,0.0,0.0,0.0,0.0,0.0,0.0,0.0,0.0,0.0,0.0,0.0,0.0,0.0,0.0,0.0,0.0,0.0,0.0
355980284850207,C,Scratch,T3,0,0.0,0.0,0.0,0.0,0.0,0.0,0.0,0.0,0.0,0.0,0.0,0.0,0.0,0.0,0.0,0.0,0.0,0.0,0.0,0.0,0.0,0.0,0.0,0.0,0.0,0.0,0.0,0.0,0.0
355980284850207,C,Scratch,B1,0,0.0,0.0,0.0,0.0,0.0,0.0,0.0,0.0,0.0,0.0,0.0,0.0,0.0,0.0,0.0,0.0,0.0,0.0,0.0,0.0,0.0,0.0,0.0,0.0,0.0,0.0,0.0,0.0,0.0
355980284850207,C,Scratch,B2,712,692.0,552.0,476.0,472.0,0.0,0.0,0.0,0.0,0.0,2145.892,2046.122,2144.618,2031.002,1712.037,2139.919,1663.029,2066.216,1711.306,2153.337,0.0,0.0,0.0,0.0,0.0,0.0,0.0,0.0,0.0,0.0
355980284850207,C,Scratch,B3,0,0.0,0.0,0.0,0.0,0.0,0.0,0.0,0.0,0.0,0.0,0.0,0.0,0.0,0.0,0.0,0.0,0.0,0.0,0.0,0.0,0.0,0.0,0.0,0.0,0.0,0.0,0.0,0.0,0.0
355980284850207,C,Shape,B4,97,,,,,,,,,,,,,,,,,,,,,,,,,,,,,
355980284850207,C,Shape,B5,83,,,,,,,,,,,,,,,,,,,,,,,,,,,,,
355980284850207,C,Shape,B6,85,,,,,,,,,,,,,,,,,,,,,,,,,,,,,
355980284850207,C,Shape,B7,62,,,,,,,,,,,,,,,,,,,,,,,,,,,,,
355980284850207,C,Shape,B8,97,,,,,,,,,,,,,,,,,,,,,,,,,,,,,
355980284850207,C,Scratch,B9,0,0.0,0.0,0.0,0.0,0.0,0.0,0.0,0.0,0.0,0.0,0.0,0.0,0.0,0.0,0.0,0.0,0.0,0.0,0.0,0.0,0.0,0.0,0.0,0.0,0.0,0.0,0.0,0.0,0.0
357624698426992,C,Scratch,T1,1584,500.0,428.0,0.0,0.0,0.0,0.0,0.0,0.0,0.0,2328.322,909.183,2383.626,841.032,2181.319,603.087,0.0,0.0,0.0,0.0,0.0,0.0,0.0,0.0,0.0,0.0,0.0,0.0,0.0,0.0
357624698426992,C,Scratch,T2,724,552.0,0.0,0.0,0.0,0.0,0.0,0.0,0.0,0.0,1838.235,1513.353,1849.905,1525.303,0.0,0.0,0.0,0.0,0.0,0.0,0.0,0.0,0.0,0.0,0.0,0.0,0.0,0.0,0.0,0.0
357624698426992,C,Scratch,T3,720,0.0,0.0,0.0,0.0,0.0,0.0,0.0,0.0,0.0,1927.087,1944.16,0.0,0.0,0.0,0.0,0.0,0.0,0.0,0.0,0.0,0.0,0.0,0.0,0.0,0.0,0.0,0.0,0.0,0.0
357624698426992,C,Scratch,B1,972,940.0,848.0,676.0,664.0,516.0,440.0,0.0,0.0,0.0,2025.679,952.941,1799.941,1010.936,1799.866,1034.736,2111.717,1269.024,1808.817,1116.638,1813.61,1093.446,2132.896,1293.726,0.0,0.0,0.0,0.0,0.0,0.0
357624698426992,C,Scratch,B2,1208,1152.0,880.0,876.0,876.0,644.0,620.0,572.0,508.0,500.0,1995.378,2139.565,2116.261,1979.264,1962.529,2153.364,1853.474,1958.995,1960.482,1366.518,2210.599,1907.268,1695.422,1545.527,1712.413,1532.567,2204.644,1894.298,2173.056,1522.196
357624698426992,C,Scratch,B3,1220,768.0,760.0,676.0,612.0,612.0,596.0,548.0,512.0,496.0,1797.922,2873.969,1844.944,2643.978,1880.049,2805.203,1803.842,2861.633,2276.523,2270.999,1898.338,2790.459,2122.499,2705.564,2285.462,2284.862,1748.844,2749.647,2134.097,2548.633
357624698426992,C,Shape,B4,64,,,,,,,,,,,,,,,,,,,,,,,,,,,,,
357624698426992,C,Shape,B5,74,,,,,,,,,,,,,,,,,,,,,,,,,,,,,
357624698426992,C,Shape,B6,90,,,,,,,,,,,,,,,,,,,,,,,,,,,,,
357624698426992,C,Shape,B7,42,,,,,,,,,,,,,,,,,,,,,,,,,,,,,
357624698426992,C,Shape,B8,75,,,,,,,,,,,,,,,,,,,,,,,,,,,,,
357624698426992,C,Scratch,B9,0,0.0,0.0,0.0,0.0,0.0,0.0,0.0,0.0,0.0,0.0,0.0,0.0,0.0,0.0,0.0,0.0,0.0,0.0,0.0,0.0,0.0,0.0,0.0,0.0,0.0,0.0,0.0,0.0,0.0
358900783168288,C,Scratch,T1,0,0.0,0.0,0.0,0.0,0.0,0.0,0.0,0.0,0.0,0.0,0.0,0.0,0.0,0.0,0.0,0.0,0.0,0.0,0.0,0.0,0.0,0.0,0.0,0.0,0.0,0.0,0.0,0.0,0.0
358900783168288,C,Scratch,T2,0,0.0,0.0,0.0,0.0,0.0,0.0,0.0,0.0,0.0,0.0,0.0,0.0,0.0,0.0,0.0,0.0,0.0,0.0,0.0,0.0,0.0,0.0,0.0,0.0,0.0,0.0,0.0,0.0,0.0
358900783168288,C,Scratch,T3,0,0.0,0.0,0.0,0.0,0.0,0.0,0.0,0.0,0.0,0.0,0.0,0.0,0.0,0.0,0.0,0.0,0.0,0.0,0.0,0.0,0.0,0.0,0.0,0.0,0.0,0.0,0.0,0.0,0.0
358900783168288,C,Scratch,B1,0,0.0,0.0,0.0,0.0,0.0,0.0,0.0,0.0,0.0,0.0,0.0,0.0,0.0,0.0,0.0,0.0,0.0,0.0,0.0,0.0,0.0,0.0,0.0,0.0,0.0,0.0,0.0,0.0,0.0
358900783168288,C,Scratch,B2,0,0.0,0.0,0.0,0.0,0.0,0.0,0.0,0.0,0.0,0.0,0.0,0.0,0.0,0.0,0.0,0.0,0.0,0.0,0.0,0.0,0.0,0.0,0.0,0.0,0.0,0.0,0.0,0.0,0.0
358900783168288,C,Scratch,B3,0,0.0,0.0,0.0,0.0,0.0,0.0,0.0,0.0,0.0,0.0,0.0,0.0,0.0,0.0,0.0,0.0,0.0,0.0,0.0,0.0,0.0,0.0,0.0,0.0,0.0,0.0,0.0,0.0,0.0
358900783168288,C,Shape,B4,93,,,,,,,,,,,,,,,,,,,,,,,,,,,,,
358900783168288,C,Shape,B5,60,,,,,,,,,,,,,,,,,,,,,,,,,,,,,
358900783168288,C,Shape,B6,69,,,,,,,,,,,,,,,,,,,,,,,,,,,,,
358900783168288,C,Shape,B7,64,,,,,,,,,,,,,,,,,,,,,,,,,,,,,
358900783168288,C,Shape,B8,91,,,,,,,,,,,,,,,,,,,,,,,,,,,,,
358900783168288,C,Scratch,B9,0,0.0,0.0,0.0,0.0,0.0,0.0,0.0,0.0,0.0,0.0,0.0,0.0,0.0,0.0,0.0,0.0,0.0,0.0,0.0,0.0,0.0,0.0,0.0,0.0,0.0,0.0,0.0,0.0,0.0
358900783354714 - 0,D,Scratch,T1,1432,1260.0,1256.0,1244.0,1200.0,1160.0,832.0,672.0,672.0,596.0,1785.63,748.98,1775.641,882.982,1775.794,702.359,1778.752,808.982,1821.481,1018.145,1806.849,455.709,1770.069,589.741,1807.06,1150.269,1807.684,778.149,1824.403,1035.973
358900783354714 - 0,D,Scratch,T2,1276,772.0,632.0,608.0,572.0,412.0,0.0,0.0,0.0,0.0,1795.398,1155.866,1828.15,1654.049,1832.121,1640.613,1835.825,1489.637,1793.537,1461.079,1938.895,1721.017,0.0,0.0,0.0,0.0,0.0,0.0,0.0,0.0
358900783354714 - 0,D,Scratch,T3,0,0.0,0.0,0.0,0.0,0.0,0.0,0.0,0.0,0.0,0.0,0.0,0.0,0.0,0.0,0.0,0.0,0.0,0.0,0.0,0.0,0.0,0.0,0.0,0.0,0.0,0.0,0.0,0.0,0.0
358900783354714 - 0,D,Scratch,B1,780,564.0,468.0,0.0,0.0,0.0,0.0,0.0,0.0,0.0,2088.457,753.84,2101.325,738.803,2146.493,581.992,0.0,0.0,0.0,0.0,0.0,0.0,0.0,0.0,0.0,0.0,0.0,0.0,0.0,0.0
358900783354714 - 0,D,Scratch,B2,1004,876.0,0.0,0.0,0.0,0.0,0.0,0.0,0.0,0.0,1906.686,1390.261,1911.561,1376.891,0.0,0.0,0.0,0.0,0.0,0.0,0.0,0.0,0.0,0.0,0.0,0.0,0.0,0.0,0.0,0.0
358900783354714 - 0,D,Scratch,B3,720,0.0,0.0,0.0,0.0,0.0,0.0,0.0,0.0,0.0,2229.531,2244.712,0.0,0.0,0.0,0.0,0.0,0.0,0.0,0.0,0.0,0.0,0.0,0.0,0.0,0.0,0.0,0.0,0.0,0.0
358900783354714 - 0,D,Shape,B4,96,,,,,,,,,,,,,,,,,,,,,,,,,,,,,
358900783354714 - 0,D,Shape,B5,84,,,,,,,,,,,,,,,,,,,,,,,,,,,,,
358900783354714 - 0,D,Shape,B6,93,,,,,,,,,,,,,,,,,,,,,,,,,,,,,
358900783354714 - 0,D,Shape,B7,70,,,,,,,,,,,,,,,,,,,,,,,,,,,,,
358900783354714 - 0,D,Shape,B8,96,,,,,,,,,,,,,,,,,,,,,,,,,,,,,
358900783354714 - 0,D,Scratch,B9,0,0.0,0.0,0.0,0.0,0.0,0.0,0.0,0.0,0.0,0.0,0.0,0.0,0.0,0.0,0.0,0.0,0.0,0.0,0.0,0.0,0.0,0.0,0.0,0.0,0.0,0.0,0.0,0.0,0.0
358900786611680 - 0,D,Scratch,T1,3136,1468.0,1312.0,1180.0,1008.0,812.0,812.0,792.0,708.0,684.0,2181.94,901.152,2364.191,885.45,2267.28,889.979,2235.062,930.158,2155.359,944.293,2256.26,865.748,2036.478,920.451,2395.261,938.732,2200.895,840.984,2099.43,937.556
358900786611680 - 0,D,Scratch,T2,2048,1848.0,1688.0,1200.0,828.0,800.0,784.0,780.0,724.0,612.0,2169.655,1374.846,2009.09,1585.315,2101.94,1598.128,1897.439,1573.522,2183.485,1547.602,1864.676,1636.589,1787.288,1238.503,1821.597,1303.088,1831.394,1269.044,2015.523,1556.145
358900786611680 - 0,D,Scratch,T3,880,628.0,428.0,0.0,0.0,0.0,0.0,0.0,0.0,0.0,1735.118,1975.658,2072.257,2640.511,1825.336,1952.626,0.0,0.0,0.0,0.0,0.0,0.0,0.0,0.0,0.0,0.0,0.0,0.0,0.0,0.0
358900786611680 - 0,D,Scratch,B1,0,0.0,0.0,0.0,0.0,0.0,0.0,0.0,0.0,0.0,0.0,0.0,0.0,0.0,0.0,0.0,0.0,0.0,0.0,0.0,0.0,0.0,0.0,0.0,0.0,0.0,0.0,0.0,0.0,0.0
358900786611680 - 0,D,Scratch,B2,0,0.0,0.0,0.0,0.0,0.0,0.0,0.0,0.0,0.0,0.0,0.0,0.0,0.0,0.0,0.0,0.0,0.0,0.0,0.0,0.0,0.0,0.0,0.0,0.0,0.0,0.0,0.0,0.0,0.0
358900786611680 - 0,D,Scratch,B3,0,0.0,0.0,0.0,0.0,0.0,0.0,0.0,0.0,0.0,0.0,0.0,0.0,0.0,0.0,0.0,0.0,0.0,0.0,0.0,0.0,0.0,0.0,0.0,0.0,0.0,0.0,0.0,0.0,0.0
358900786611680 - 0,D,Shape,B4,98,,,,,,,,,,,,,,,,,,,,,,,,,,,,,
358900786611680 - 0,D,Shape,B5,83,,,,,,,,,,,,,,,,,,,,,,,,,,,,,
358900786611680 - 0,D,Shape,B6,77,,,,,,,,,,,,,,,,,,,,,,,,,,,,,
358900786611680 - 0,D,Shape,B7,71,,,,,,,,,,,,,,,,,,,,,,,,,,,,,
358900786611680 - 0,D,Shape,B8,95,,,,,,,,,,,,,,,,,,,,,,,,,,,,,
358900786611680 - 0,D,Scratch,B9,0,0.0,0.0,0.0,0.0,0.0,0.0,0.0,0.0,0.0,0.0,0.0,0.0,0.0,0.0,0.0,0.0,0.0,0.0,0.0,0.0,0.0,0.0,0.0,0.0,0.0,0.0,0.0,0.0,0.0
359646705422001,D,Scratch,T1,0,0.0,0.0,0.0,0.0,0.0,0.0,0.0,0.0,0.0,0.0,0.0,0.0,0.0,0.0,0.0,0.0,0.0,0.0,0.0,0.0,0.0,0.0,0.0,0.0,0.0,0.0,0.0,0.0,0.0
359646705422001,D,Scratch,T2,0,0.0,0.0,0.0,0.0,0.0,0.0,0.0,0.0,0.0,0.0,0.0,0.0,0.0,0.0,0.0,0.0,0.0,0.0,0.0,0.0,0.0,0.0,0.0,0.0,0.0,0.0,0.0,0.0,0.0
359646705422001,D,Scratch,T3,0,0.0,0.0,0.0,0.0,0.0,0.0,0.0,0.0,0.0,0.0,0.0,0.0,0.0,0.0,0.0,0.0,0.0,0.0,0.0,0.0,0.0,0.0,0.0,0.0,0.0,0.0,0.0,0.0,0.0
359646705422001,D,Scratch,B1,0,0.0,0.0,0.0,0.0,0.0,0.0,0.0,0.0,0.0,0.0,0.0,0.0,0.0,0.0,0.0,0.0,0.0,0.0,0.0,0.0,0.0,0.0,0.0,0.0,0.0,0.0,0.0,0.0,0.0
359646705422001,D,Scratch,B2,444,0.0,0.0,0.0,0.0,0.0,0.0,0.0,0.0,0.0,1701.224,2063.491,0.0,0.0,0.0,0.0,0.0,0.0,0.0,0.0,0.0,0.0,0.0,0.0,0.0,0.0,0.0,0.0,0.0,0.0
359646705422001,D,Scratch,B3,1012,888.0,524.0,0.0,0.0,0.0,0.0,0.0,0.0,0.0,1690.787,2525.338,1803.469,2408.44,1686.048,2500.6,0.0,0.0,0.0,0.0,0.0,0.0,0.0,0.0,0.0,0.0,0.0,0.0,0.0,0.0
359646705422001,D,Shape,B4,96,,,,,,,,,,,,,,,,,,,,,,,,,,,,,
359646705422001,D,Shape,B5,74,,,,,,,,,,,,,,,,,,,,,,,,,,,,,
359646705422001,D,Shape,B6,76,,,,,,,,,,,,,,,,,,,,,,,,,,,,,
359646705422001,D,Shape,B7,73,,,,,,,,,,,,,,,,,,,,,,,,,,,,,
359646705422001,D,Shape,B8,95,,,,,,,,,,,,,,,,,,,,,,,,,,,,,
359646705422001,D,Scratch,B9,0,0.0,0.0,0.0,0.0,0.0,0.0,0.0,0.0,0.0,0.0,0.0,0.0,0.0,0.0,0.0,0.0,0.0,0.0,0.0,0.0,0.0,0.0,0.0,0.0,0.0,0.0,0.0,0.0,0.0
